{
    "sample_id": 0,
    "rotation_angle_deg": 26.74,
    "domain": {
        "x_min": -1200,
        "x_max": 1200,
        "y_min": -600,
        "y_max": 600
    },
    "bounds_for_x_of_section_VII": {
        "x_min_VII": -700,
        "x_max_VII": 0
    },
    "bounds_for_y_of_section_VII": {
        "y_min_VII": -250,
        "y_max_VII": 250
    },
    "safety_distance_x_negative": 150,
    "safety_distance_x_positive": 300,
    "safety_distance_y": 100,
    "min_building_distance": 5,
    "bounds_for_nr_of_buildings": [
        18,
        20
    ],
    "building_count": 14,
    "rectangular_building_size_range": [
        10,
        80
    ],
    "extreme_aspect_chance": 0.15,
    "aspect_ratio_limits_rectangular_buildings": {
        "normal_max": 2.5,
        "extreme_max": 5.0
    },
    "circle_chance": 0.05,
    "circular_building_size_range": [
        10,
        80
    ],
    "circle_resolution": 32,
    "building_height_range": [
        5,
        80
    ],
    "tower_chance": 0.07,
    "tower_size_range": [
        50,
        100
    ],
    "tower_height_range": [
        80,
        200
    ],
    "tower_max_aspect_ratio": 1.5,
    "road_width": 10,
    "bounds_for_nr_of_horizontal_roads": [
        3,
        8
    ],
    "bounds_for_nr_of_vertical_roads": [
        3,
        8
    ],
    "vertical_road_count": 7,
    "horizontal_road_count": 3,
    "building_shapes": [
        "rect",
        "rect",
        "rect",
        "rect",
        "rect",
        "rect",
        "rect",
        "circle",
        "rect",
        "rect",
        "rect",
        "rect",
        "rect",
        "rect"
    ],
    "building_sizes": [
        [
            18.944039001450477,
            17.038421648673776
        ],
        [
            34.5993437787004,
            27.19994534268411
        ],
        [
            11.74772923852704,
            28.795825126655828
        ],
        [
            22.12873053390367,
            13.873451944506717
        ],
        [
            40.16967987866547,
            46.70519675289741
        ],
        [
            37.76968197113224,
            19.184794832323405
        ],
        [
            30.089978386427525,
            34.18983792940171
        ],
        [
            17.504084283860358,
            17.504084283860358
        ],
        [
            15.290977917436273,
            15.36371169281867
        ],
        [
            42.297255781250634,
            23.47624511431505
        ],
        [
            20.924997194269164,
            20.83697518229906
        ],
        [
            23.3775525637478,
            11.539468328693573
        ],
        [
            20.107041400234916,
            13.184812158270926
        ],
        [
            13.323236238992227,
            14.15671945942308
        ]
    ],
    "building_heights": [
        56.049547448929694,
        27.092110943878403,
        76.03659916384733,
        40.971864596590194,
        118.78258016794905,
        69.44608796092585,
        66.0259357675431,
        50.77331043820771,
        52.738772379578315,
        5.310960142200195,
        51.724627536871616,
        32.081744567993965,
        13.928495190583533,
        20.301553091855112
    ],
    "building_positions": [
        [
            -423.10209787051195,
            70.85689421168871
        ],
        [
            -496.0957998059877,
            -31.568130832606116
        ],
        [
            -524.7437340971752,
            43.20593953249795
        ],
        [
            -340.43953282088216,
            -88.28889865844579
        ],
        [
            -385.5040103067447,
            13.322696294034557
        ],
        [
            -322.57100627627403,
            -122.9983074219052
        ],
        [
            -339.2767225810974,
            124.207489089633
        ],
        [
            -450.6328824772325,
            118.73651421841578
        ],
        [
            -359.737950729311,
            -60.524328846369215
        ],
        [
            -479.2762016286699,
            -79.71306384092789
        ],
        [
            -465.77534791290157,
            -131.9299801216051
        ],
        [
            -522.3835241186652,
            -69.7095966127074
        ],
        [
            -320.07098791500295,
            43.65476924481524
        ],
        [
            -505.6389411438116,
            -134.31056354920764
        ]
    ]
}
